Taxon_id,Official_name_NCBI
562,Escherichia coli
3702,Arabidopsis thaliana
6239,Caenorhabditis elegans
6523,Lymnaea stagnalis
7227,Drosophila melanogaster
7787,Tetronarce californica
7788,Torpedo marmorata
7955,Danio rerio
8355,Xenopus laevis
8732,Crotalus durissus
9031,Gallus gallus
9606,Homo sapiens
9615,Canis lupus familiaris
9823,Sus scrofa
9913,Bos taurus
9940,Ovis aries
9986,Oryctolagus cuniculus
10090,Mus musculus
10116,Rattus norvegicus
83333,Escherichia coli K-12
208964,Pseudomonas aeruginosa PAO1
243277,Vibrio cholerae O1 biovar El Tor
284812,Schizosaccharomyces pombe
559292,Saccharomyces cerevisiae S288C
694009,Severe acute respiratory syndrome coronavirus
1235996,Middle East respiratory syndrome-related coronavirus
1263720,Homo sapiens
2697049,Severe acute respiratory syndrome coronavirus 2
